{
  "CC_CNT_DRAWINGS_ATM_CURRENT_MEAN": 0.7568649713226757,
  "ACTIVE_DAYS_CREDIT_MAX": 0.52495776001128,
  "PREV_CODE_REJECT_REASON_XAP_MEAN": 0.36903052579275053,
  "DAYS_EMPLOYED": 0.2956948046809812,
  "EXT_SOURCE_2": 0.21573377533880875,
  "EXT_SOURCE_1": 0.18980724081269515,
  "BURO_MONTHS_BALANCE_MIN_MIN": 0.1529954610097006,
  "BURO_DAYS_CREDIT_MEAN": 0.05476181083987103,
  "CC_AMT_BALANCE_MIN": 0.0031105089615579467,
  "BURO_STATUS_1_MEAN_MEAN": 0.0,
  "REGION_RATING_CLIENT_W_CITY": 0.0,
  "CC_MONTHS_BALANCE_MEAN": -0.003326409613857665,
  "DAYS_EMPLOYED_PERC": -0.04976935832273939,
  "BURO_CREDIT_ACTIVE_Closed_MEAN": -0.05759740665258776,
  "PREV_NAME_CONTRACT_STATUS_Refused_MEAN": -0.09180305592563359,
  "BURO_DAYS_CREDIT_MIN": -0.09979131468174648,
  "ACTIVE_DAYS_CREDIT_MEAN": -0.21131632238427128,
  "EXT_SOURCE_3": -0.39853669391239677,
  "CLOSED_DAYS_CREDIT_MIN": -0.6508162972766101,
  "CC_AMT_DRAWINGS_ATM_CURRENT_MEAN": -1.0
}