{
  "EXT_SOURCE_3": 0.7613413037070605,
  "BURO_DAYS_CREDIT_MEAN": 0.3275301802852651,
  "CC_AMT_DRAWINGS_ATM_CURRENT_MEAN": 0.27281507259601134,
  "ACTIVE_DAYS_CREDIT_MAX": 0.11580379790841391,
  "PREV_CODE_REJECT_REASON_XAP_MEAN": 0.09912568777627563,
  "CC_MONTHS_BALANCE_MEAN": 0.05766119203683948,
  "REGION_RATING_CLIENT_W_CITY": 0.04878193070719075,
  "DAYS_EMPLOYED_PERC": 0.04693034113164223,
  "BURO_MONTHS_BALANCE_MIN_MIN": 0.030671158814491943,
  "DAYS_EMPLOYED": 0.017386021481768682,
  "ACTIVE_DAYS_CREDIT_MEAN": -0.005040582943421363,
  "CLOSED_DAYS_CREDIT_MIN": -0.014426389556310112,
  "CC_AMT_BALANCE_MIN": -0.01728183475995525,
  "BURO_CREDIT_ACTIVE_Closed_MEAN": -0.02308334247093158,
  "BURO_STATUS_1_MEAN_MEAN": -0.06066418065741964,
  "PREV_NAME_CONTRACT_STATUS_Refused_MEAN": -0.1094023408262107,
  "EXT_SOURCE_1": -0.12928350812771425,
  "BURO_DAYS_CREDIT_MIN": -0.19101837586978332,
  "CC_CNT_DRAWINGS_ATM_CURRENT_MEAN": -0.22784613123303926,
  "EXT_SOURCE_2": -1.0
}