{
  "EXT_SOURCE_2": 1.0,
  "PREV_NAME_CONTRACT_STATUS_Refused_MEAN": 0.19979889942587295,
  "BURO_CREDIT_ACTIVE_Closed_MEAN": 0.07766640800991285,
  "ACTIVE_DAYS_CREDIT_MEAN": 0.07353083749262182,
  "CC_CNT_DRAWINGS_ATM_CURRENT_MEAN": 0.018596788219843462,
  "REGION_RATING_CLIENT_W_CITY": 0.0045728433983076204,
  "BURO_DAYS_CREDIT_MEAN": 0.0,
  "BURO_DAYS_CREDIT_MIN": 0.0,
  "DAYS_EMPLOYED": 0.0,
  "PREV_CODE_REJECT_REASON_XAP_MEAN": 0.0,
  "BURO_MONTHS_BALANCE_MIN_MIN": 0.0,
  "CC_AMT_BALANCE_MIN": 0.0,
  "CC_MONTHS_BALANCE_MEAN": 0.0,
  "BURO_STATUS_1_MEAN_MEAN": 0.0,
  "ACTIVE_DAYS_CREDIT_MAX": 0.0,
  "CC_AMT_DRAWINGS_ATM_CURRENT_MEAN": 0.0,
  "CLOSED_DAYS_CREDIT_MIN": -0.037752795140456125,
  "DAYS_EMPLOYED_PERC": -0.16207879463474598,
  "EXT_SOURCE_1": -0.34607217186812267,
  "EXT_SOURCE_3": -0.8282620149029986
}