{
  "EXT_SOURCE_2": 1.0,
  "BURO_DAYS_CREDIT_UPDATE_MEAN": 0.2625898957736552,
  "EXT_SOURCE_1": 0.2621049000581453,
  "CLOSED_MONTHS_BALANCE_MIN_MIN": 0.2500027383880042,
  "CC_AMT_INST_MIN_REGULARITY_MEAN": 0.23816571768796344,
  "CC_MONTHS_BALANCE_MIN": 0.23382082311350444,
  "EXT_SOURCE_3": 0.17492045119896393,
  "DAYS_BIRTH": 0.1352579869624131,
  "CC_AMT_DRAWINGS_ATM_CURRENT_MEAN": 0.04054006759433743,
  "CC_AMT_RECIVABLE_MAX": 0.03651048577285249,
  "CC_CNT_DRAWINGS_ATM_CURRENT_VAR": 0.021594830346396206,
  "CC_AMT_TOTAL_RECEIVABLE_MAX": 0.012712923929686683,
  "CC_AMT_RECEIVABLE_PRINCIPAL_MIN": 0.007592261339230739,
  "CC_AMT_RECIVABLE_MIN": -0.002802083457712677,
  "CC_AMT_BALANCE_MIN": -0.004282113774172441,
  "BURO_MONTHS_BALANCE_MIN_MIN": -0.12175073336890221,
  "PREV_CODE_REJECT_REASON_XAP_MEAN": -0.2542251016432064,
  "PREV_NAME_CONTRACT_STATUS_Refused_MEAN": -0.7331337039647977,
  "REGION_RATING_CLIENT_W_CITY": -0.758221308691811,
  "BURO_CREDIT_ACTIVE_Active_MEAN": -0.8013980372585481
}